{"cameraMode":{"drawMode":0,"name":"Shaded","section":"Shading Mode"},"sceneLighting":true,"audioPlay":false,"sceneViewState":{"showFog":true,"showMaterialUpdate":false,"showSkybox":true,"showFlares":true,"showImageEffects":true,"showParticleSystems":true},"in2DMode":false,"pivot":{"x":0.0,"y":4.320000171661377,"z":-8.430000305175782},"rotation":{"x":-0.033299896866083148,"y":-0.01589198410511017,"z":0.0005288708489388228,"w":-0.9993281364440918},"size":9.839141845703125,"orthographic":true}